Epoch,Epoch_time,Discriminator_loss,Generator_loss
1,1436.2154653072357,0.32861863674318537,2.4731241457005764
2,1454.8373823165894,0.9084376729549246,1.6804774264071851
3,1391.2650263309479,0.9456174169449096,1.7072849955964595
