Epoch,Epoch_time,Discriminator_loss,Generator_loss
1,1051.8109679222107,0.28153023199832183,2.7599894858421163
2,999.0994055271149,0.8357016342117431,2.1142964304761684
3,1022.1004705429077,0.6868827734221803,2.4655261699189532
